{
    "model": "mixtral-8x7b-32768",
    "accuracy": 0.8666666666666667,
    "noise_rate": 0.6,
    "correct_count": 260,
    "total": 300,
    "all_rate": 0.8666666666666667,
    "tt": 260
}